{
    "Wir": 0.3248071793126617,
    "Die": 0.2573718172935028,
    "Ich": 0.22942865962278686,
    "Und": 0.21820291990731147,
    "Das": 0.21436132988611836,
    "Es": 0.15431372350499328,
    "Deshalb": 0.12395608029712017,
    "Liebe": 0.12395608029712017,
    "Sie": 0.1185329112621362,
    "Aber": 0.10731713993273172,
    "Deutschland": 0.10731713993273172,
    "Auch": 0.10731713993273172,
    "In": 0.10731713993273172,
    "Im": 0.08943029798135646,
    "Der": 0.0831360989795913,
    "Ein": 0.0831360989795913,
    "Ja": 0.0831360989795913,
    "Dazu": 0.07664896149952997,
    "Diese": 0.06994736350823766,
    "Denn": 0.06994736350823766,
    "Europa": 0.06994736350823766,
    "Heute": 0.06300436435888922,
    "Dabei": 0.06300436435888922,
    "Wie": 0.06300436435888922,
    "Unsere": 0.05578525560270437,
    "Eine": 0.05578525560270437,
    "Viele": 0.04824361691302663,
    "Für": 0.04824361691302663,
    "Doch": 0.04824361691302663,
    "Bei": 0.04824361691302663,
    "Was": 0.04824361691302663,
    "Dies": 0.04824361691302663,
    "So": 0.04824361691302663,
    "Vor": 0.04031413569270361,
    "Zum": 0.04031413569270361,
    "Mit": 0.04031413569270361,
    "An": 0.03189796825529077,
    "Überraschen": 0.03189796825529077,
    "Da": 0.03189796825529077,
    "Allerdings": 0.03189796825529077,
    "Am": 0.03189796825529077,
    "Unser": 0.03189796825529077,
    "Damit": 0.03189796825529077,
    "Manche": 0.03189796825529077,
    "Genau": 0.03189796825529077,
    "Lassen": 0.03189796825529077,
    "Zu": 0.03189796825529077,
    "Um": 0.03189796825529077,
    "Also": 0.03189796825529077,
    "Jetzt": 0.022827294815644193,
    "Wer": 0.022827294815644193,
    "Natürlich": 0.022827294815644193,
    "Schon": 0.022827294815644193,
    "Von": 0.022827294815644193,
    "Dieser": 0.022827294815644193,
    "Noch": 0.022827294815644193,
    "Nur": 0.022827294815644193,
    "Jeder": 0.022827294815644193,
    "Nachwachsende": 0.022827294815644193,
    "Ganz": 0.022827294815644193,
    "Inzwischen": 0.022827294815644193,
    "Vielleicht": 0.022827294815644193,
    "Nun": 0.022827294815644193,
    "Anschließend": 0.022827294815644193,
    "Gleichzeitig": 0.022827294815644193,
    "Mein": 0.022827294815644193,
    "Beides": 0.022827294815644193,
    "Ihnen": 0.022827294815644193,
    "Ludwig": 0.022827294815644193,
    "Dem": 0.022827294815644193,
    "Insbesondere": 0.022827294815644193,
    "Dennoch": 0.022827294815644193,
    "Mir": 0.022827294815644193,
    "Gelingen": 0.022827294815644193,
    "Dafür": 0.022827294815644193,
    "Wenn": 0.022827294815644193,
    "Sicherlich": 0.022827294815644193,
    "2014": 0.022827294815644193,
    "aber": 0.022827294815644193,
    "die": 0.022827294815644193,
    "und": 0.022827294815644193,
    "following_sentence": 0.012748760892468292,
    "Zweitens": 0.012748760892468292,
    "Drittens": 0.012748760892468292,
    "Viertens": 0.012748760892468292,
    "Während": 0.012748760892468292,
    "Videoüberwachung": 0.012748760892468292,
    "Music": 0.012748760892468292,
    "Zehn": 0.012748760892468292,
    "Zur": 0.012748760892468292,
    "Ausgangspunkt": 0.012748760892468292,
    "212": 0.012748760892468292,
    "Verantwortung": 0.012748760892468292,
    "Schicksale": 0.012748760892468292,
    "Fassungslos": 0.012748760892468292,
    "Holz": 0.012748760892468292,
    "Kann": 0.012748760892468292,
    "Womit": 0.012748760892468292,
    "Durch": 0.012748760892468292,
    "Warum": 0.012748760892468292,
    "Einige": 0.012748760892468292,
    "Voriges": 0.012748760892468292,
    "Energieversorgung": 0.012748760892468292,
    "Sehen": 0.012748760892468292,
    "Mittelständische": 0.012748760892468292,
    "Normalerweise": 0.012748760892468292,
    "Dass": 0.012748760892468292,
    "All": 0.012748760892468292,
    "Wahr": 0.012748760892468292,
    "Andere": 0.012748760892468292,
    "Man": 0.012748760892468292,
    "Oder": 0.012748760892468292,
    "Seien": 0.012748760892468292,
    "Dieses": 0.012748760892468292,
    "Insgesamt": 0.012748760892468292,
    "Glücklicherweise": 0.012748760892468292,
    "Seit": 0.012748760892468292,
    "everything": 0.012748760892468292,
    "Beide": 0.012748760892468292,
    "Menschenrechte": 0.012748760892468292,
    "Mich": 0.012748760892468292,
    "Eines": 0.012748760892468292,
    "Alle": 0.012748760892468292,
    "Bund": 0.012748760892468292,
    "Erinnern": 0.012748760892468292,
    "1973": 0.012748760892468292,
    "Gemessen": 0.012748760892468292,
    "Darüber": 0.012748760892468292,
    "Meine": 0.012748760892468292,
    "Märkte": 0.012748760892468292,
    "Opel": 0.012748760892468292,
    "Ob": 0.012748760892468292,
    "Audi": 0.012748760892468292,
    "Manch": 0.012748760892468292,
    "Politisch": 0.012748760892468292,
    "wie": 0.012748760892468292,
    "2010": 0.012748760892468292,
    "Davon": 0.012748760892468292,
    "Export": 0.012748760892468292,
    "Lithuania": 0.012748760892468292,
    "Nach": 0.012748760892468292,
    "Montag": 0.012748760892468292,
    "Eingesetzt": 0.012748760892468292,
    "Will": 0.012748760892468292,
    "Entstanden": 0.012748760892468292,
    "oder": 0.012748760892468292,
    "Slowenien": 0.012748760892468292,
    "Auf": 0.012748760892468292,
    "Wahrscheinlich": 0.012748760892468292,
    "Damals": 0.012748760892468292,
    "Opfer": 0.012748760892468292,
    "Osama": 0.012748760892468292,
    "Religion": 0.012748760892468292,
    "Jüngst": 0.012748760892468292,
    "2011": 0.012748760892468292,
    "Hier": 0.012748760892468292,
    "Trotz": 0.012748760892468292,
    "wo": 0.012748760892468292,
    "Seitdem": 0.012748760892468292,
    "Voraussetzung": 0.012748760892468292,
    "Blicken": 0.012748760892468292,
    "Dann": 0.012748760892468292,
    "ist": 0.012748760892468292,
    "Brauchen": 0.012748760892468292,
    "Denken": 0.012748760892468292,
    "Zuversicht": 0.012748760892468292,
    "Weil": 0.012748760892468292,
    "Unternehmen": 0.012748760892468292,
    "Gerade": 0.012748760892468292,
    "Besonders": 0.012748760892468292,
    "also": 0.012748760892468292,
    "vergleichbarer": 0.012748760892468292,
    "Kraft": 0.012748760892468292,
    "Jugend": 0.012748760892468292,
    "Kürzlich": 0.012748760892468292,
    "Übrigens": 0.012748760892468292,
    "Diesen": 0.012748760892468292,
    "Den": 0.012748760892468292,
    "Freiheit": 0.012748760892468292,
    "Ebenso": 0.012748760892468292,
    "Ist": 0.012748760892468292,
    "National": 0.012748760892468292,
    "International": 0.012748760892468292,
    "Beim": 0.012748760892468292,
    "Einerseits": 0.012748760892468292,
    "Bürokratieabbau": 0.012748760892468292,
    "Reisen": 0.012748760892468292,
    "2016": 0.012748760892468292,
    "Indem": 0.012748760892468292,
    "Wo": 0.012748760892468292,
    "2017": 0.012748760892468292,
    "Mut": 0.012748760892468292,
    "Zusammenhalt": 0.012748760892468292,
    "Keiner": 0.012748760892468292,
    "Stichwort": 0.012748760892468292,
    "alle": 0.012748760892468292,
    "Nein": 0.012748760892468292,
    "Diesem": 0.012748760892468292,
    "den": 0.012748760892468292,
    "eine": 0.012748760892468292,
    "Anfang": 0.012748760892468292,
    "Geradezu": 0.012748760892468292,
    "Andererseits": 0.012748760892468292,
    "Gewissheiten": 0.012748760892468292,
    "Millionen": 0.012748760892468292,
    "genau": 0.012748760892468292,
    "Immer": 0.012748760892468292
}